file,model,crops,false_injury,not_visible_used,said_lying,ethnicity,echo
vlm_outputs_internvl35_2b_greedy.json,InternVL3_5-2B-HF,16,0,16,2,0,16
vlm_outputs_internvl35_2b_greedyrep.json,InternVL3_5-2B-HF,16,0,15,7,0,16
vlm_outputs_lfm2_5_vl_3b_greedyrep.json,LFM2.5-VL-3B,16,1,8,5,1,0
vlm_outputs_lfm2_5_vl_3b_model.json,LFM2.5-VL-3B,16,0,12,5,1,0
vlm_outputs_minicpmv46_4x_greedyrep.json,MiniCPM-V-4.6,16,0,0,0,0,1
vlm_outputs_minicpmv46_greedyrep.json,MiniCPM-V-4.6,16,0,0,0,0,0
vlm_outputs_minicpmv46_model.json,MiniCPM-V-4.6,16,0,1,0,0,0
vlm_outputs_qwen25vl.json,Qwen2.5-VL-3B-Instruct,8,2,0,1,0,7
vlm_outputs_qwen25vl_16crops.json,Qwen2.5-VL-3B-Instruct,16,7,1,2,0,13
vlm_outputs_qwen25vl_model.json,Qwen2.5-VL-3B-Instruct,16,6,2,2,0,10
vlm_outputs_qwen3_5_2b_greedyrep.json,Qwen3.5-2B,16,0,0,0,0,12
vlm_outputs_qwen3_5_2b_model.json,Qwen3.5-2B,16,0,0,0,0,16
vlm_outputs_qwen3vl2b_16crops.json,Qwen3-VL-2B-Instruct,16,0,16,1,0,16
vlm_outputs_qwen3vl2b_greedyrep.json,Qwen3-VL-2B-Instruct,16,0,16,2,0,16
vlm_outputs_qwen3vl2b_model.json,Qwen3-VL-2B-Instruct,16,0,15,0,0,16
vlm_outputs_qwen3vl4b_greedyrep.json,Qwen3-VL-4B-Instruct,16,0,7,4,0,16
vlm_outputs_qwen3vl4b_model.json,Qwen3-VL-4B-Instruct,16,0,6,5,0,16
vlm_outputs_smolvlm2.json,SmolVLM2-2.2B-Instruct,8,0,0,0,8,0
