key,name,imgsz,p95_ms,power_w,val_map50,val_recall,val_precision,td_map50,td_recall,td_precision,accuracy_from
visdrone-rtdetrv4-s@960,RT-DETRv4-S VisDrone,960,24.298,15.9,0.6646,0.622,0.7512,0.4387,0.428,0.6331,
visdrone-yolo26s-960@960,YOLO26s VisDrone,960,25.969,12.73,0.6087,0.554,0.7273,0.3924,0.3749,0.6111,
yolo11s@960,yolo11s COCO,960,26.066,12.99,0.3687,0.3625,0.5583,0.1863,0.1995,0.4481,
visdrone-yolo26s-736x1280@736x1280 lean,YOLO26s VisDrone (lean runtime),736x1280,26.102,14.4,0.6918,0.6189,0.7628,0.4516,0.4248,0.6394,
yolo26s-960@960,YOLO26s COCO,960,26.698,12.84,0.4056,0.3856,0.5849,0.2098,0.2185,0.4558,
visdrone-yolo26s-736x1280@736x1280,YOLO26s VisDrone,736x1280,30.992,12.51,0.6918,0.6189,0.7628,0.4516,0.4248,0.6394,"same engine, lean runner"
visdrone-yolo26n-1280@1280,YOLO26n VisDrone,1280,32.411,11.86,0.601,0.5462,0.6959,0.3913,0.3747,0.5745,
sih-aerial-person-1280@1280,aerial-person 11n,1280,32.428,11.7,0.5111,0.4627,0.6316,0.3116,0.3124,0.5054,
yolo11s-1280@1280,yolo11s COCO,1280,39.073,16.17,0.4468,0.4264,0.6179,0.2421,0.2473,0.4959,
visdrone-yolo26s-1280@1280,YOLO26s VisDrone,1280,39.132,16.22,0.6882,0.6224,0.756,0.462,0.4363,0.6513,
